,assest_id,program ,subscriber_id,Length,Overlap,Rate
0,108384,game of thrones,135055,2794,2794,1.0
1,108384,spiderman,135055,3600,1774,0.49277777777777776
2,108385,sports,135057,1800,874,0.4855555555555556
3,108386,sports,135058,1800,874,0.4855555555555556
4,108386,Dora,135060,1800,874,0.4855555555555556
5,108387,Batman,135061,3600,454,0.12611111111111112
